Userid,Event Name,Latitude,Longitude,Tweet Timestamp,Event Timestamp,Hashtags,Category (for our reference),Emotion,Uncertainity,NPMI,Link_Ratio,Hashtag_Ratio,User_Credibility,User_Diversity,Degree_Centrality,Tweet_Similarity,PMI
shyStork6,Womens World Cup,67.51433,173.5753,10/26/2022 15:34,10/24/2022 8:59,#womenempowerment #roselavelle #emilysonnett #carlilloyd #malpugh #women #woso #abbydahlkemper #soccerskills #kelleyohara #beckysauerbrunn #fawsl #lionesses #tobintuesday #preath #womenempowerment #portlandthornsfc #preathisreal,Sports,happy,0.919215456,0.8954088996640441,0.4646437463005447,0.38224136901158234,0.11541957029504474,0.6251986594211109,0.5141686059076599,0.34902167424002806,0.7732945992939282
jealousPolenta0,Central Pennsylvania Festival of the Arts,27.64384,-34.7157,10/30/2022 15:16,10/25/2022 13:01,#cpartsfestival #artfestival are #artfestival #art #festival #contemporaryart #artist #artwork #musicfestival #photography #music #artfest #Pennsylvania ,Social Gathering,happy,0.445912965,0.5551155638006293,0.5799587507600411,0.616377996737937,0.46011080728764553,0.6041025832204201,0.10478383908355635,0.9841778515883217,-0.20895859732270583
cynicalHyena7,CES (Consumer Electronics Show),-55.2708,-123.103,10/30/2022 11:23,10/25/2022 17:47,#tech  #hiphop #vegasbachelorettes #nazionalit #gufo #ilbuonfabio #business #canedrocato #sema #seriea #omnia #top #treasures #scores,Summit,happy,0.728233331,0.8211059612032459,0.4262853704620667,0.47460701786907755,0.6437305645872825,0.9372887723811058,0.8561666535474286,0.3329596774161394,-0.15076072393681195
insecureRat7,Cisco Live,-34.5573,-90.8278,10/22/2022 1:00,10/26/2022 4:42,#juniper #ciscocertification #azure #business #itcertification #windows #firewall #infosec #cat #cybercrime #mcse #switching,Summit,happy,0.668309809,0.4278709174058777,0.170093823589393,0.667573791303866,0.5932598568264835,0.11950847458014774,0.1998680073739854,0.6993697769222849,0.9639440382926057
insecureRat7,World War 3 memorial meet,4.431105,-17.8338,10/21/2022 18:16,10/26/2022 20:20,#Dailyfluffs #WWIII #Dogs #Ducks #War #Victory #Peace,Summit,happy,0.720786365,0.47798048174706886,0.48235117356296364,0.27893691346844596,0.9486323442057925,0.6844128525189036,0.9448053567006819,0.5180775753474618,-0.08574803274433562
shyStork6,ICML 2022 (Tech conference),68.98804,-8.76678,10/28/2022 5:27,10/26/2022 21:48,#hawaii #machinelearningalgorithms #computervision #android #cloud #bhfyp #research #ieee,Summit,happy,0.846522296,0.5047669169588356,0.33930966972365406,0.16863645905683244,0.6997077829863264,0.7245111272720182,0.6653858217233146,0.45532976320565155,-0.6761101195203489
resolvedAntelope6,Wimbeldon 2022,-37.6125,57.95785,10/24/2022 17:37,10/27/2022 10:42,#volunteering #Wimbledon #firstaid #healthcare #Wimbledon2022 #howmanyicecreamsaretoomany,Sports,happy,0.926413414,0.24710654487917855,0.5411320995617817,0.12051010662959347,0.4719161704674768,0.6271746268461379,0.4831248332868532,0.47236382494393003,-0.9518532705228209
gutturalTacos8,CVPR 2022,-28.2005,100.9213,10/21/2022 17:26,10/28/2022 5:20,#cvpr #computervision #AI #neworleans,Summit,happy,0.654166525,0.7922464775907587,0.18795342508834265,0.36056272572756576,0.9189039708149649,0.647793403565904,0.8932412017838223,0.29096147118201154,0.7146547397199647
amusedStork8,Jammu Traffic,-75.9836,-135.283,10/22/2022 7:02,10/28/2022 6:49,#NH44 #update : #heavy #Traffic #jam on #jammu -#Srinagar,Traffic,anger,0.520171581,0.35311846998061025,0.5260049519280109,0.5414655070996541,0.5981546872303578,0.9136144762834468,0.8877499008123493,0.8002368407986314,-0.658177527047837
grumpyPiglet8,Olympics 2023,-69.658,-135.559,10/21/2022 8:27,10/28/2022 8:46,#olympics #london #japan #india #training #usa #nike #trending #sport #football  #olympics2023,Social Gathering,happy,0.467042725,0.48096515651095706,0.5560513123297567,0.9422036169067876,0.38646310092109726,0.5950649631062485,0.5409922456196801,0.6506962716703152,-0.47461958243425384
hushedChough4,PAXWest 2022,75.53302,16.20988,10/29/2022 13:21,10/28/2022 15:12,#gamedev #indiegame #gaming #game #platformergame #indiedev #actiongame #fantasygame #PAXWest #events #gamingevents,Social Gathering,happy,0.669989641,0.6741153146051995,0.11595861647865414,0.39292704637083264,0.437902356855179,0.17024431800710538,0.5672232745569067,0.7568612119814572,-0.4431293190911588
jealousStork9,Tater Treat,51.68913,58.18005,10/30/2022 17:09,10/28/2022 21:21,#Game #TATER #Discord #GiveAway #PlayToEarn #LovePotato #CryptoNews #Competition #Reward #Games #Prizes,Social Gathering,happy,0.96360952,0.8153768663692639,0.1134472249861365,0.42242387835403583,0.7271383959472651,0.7422648222171908,0.27519867842469525,0.8344303453542474,-0.5033182072533056
similarPiglet1,CES (Consumer Electronics Show),-45.4684,21.35643,10/20/2022 12:34,10/28/2022 22:12,#ces #vegas #ch #free #vegasbound #encorebeachclub #viphost #nightclub #cosmopolitanlasvegas #wetrepublic #mgmgrand #edc ,Summit,happy,0.701094204,0.3241266824463185,0.935247365141245,0.8209992053411088,0.5465365712624003,0.2645355437982305,0.5808459271545987,0.7380124601693764,-0.9655127167687221
pitifulMagpie1,FINA World Swimming Championships (25m),-67.5952,174.1374,10/21/2022 6:56,10/29/2022 2:35,#nadadoras #instaswim #quicklymallas #mallasquickly #swimstagram #look #swimmingpool #trajesdeba #fina #swimming #swim #swimmer #swim25m,Social Gathering,happy,0.943111377,0.6295258672218347,0.6261761686610798,0.7778785643568822,0.9312175626296183,0.7560403742420017,0.8574728458197356,0.6105515983036943,-0.790347310359223
affectedViper9,AZ election campaign,-59.9505,119.9115,10/24/2022 18:13,10/29/2022 6:09,#leadright #BlakeMasters #AZ #election,political,happy,0.835110247,0.17992702599140356,0.8918991919351802,0.9897634097932774,0.7739314210383553,0.2602689233559452,0.2621328280894044,0.3198927904580421,-0.48871155014051826
fondLapwing2,50 Year Anniversary of Pride March,-81.8406,-137.482,10/28/2022 14:18,10/29/2022 6:55,#prideparade #pride #pridemonth #lgbtq #gay #lgbt #gaypride #gayfow #prideflag #nycpride #bisexualpride #bi #pridefest #celebration #happypride #prideparadenyc,political,happy,0.632715059,0.9451984610737293,0.8579819991083389,0.6637737707090261,0.6362587656206075,0.6846596403998573,0.49572248841282884,0.8885021028031496,-0.5086316000778158
jumpyFish2,Global Climate change strike,-23.5313,-132.779,10/31/2022 9:58,10/29/2022 13:10,#climatechange #environment #sustainability #nature #globalwarming #savetheplanet #climate #climatecrisis #ecofriendly #climateaction #zerowaste #sustainable #earth #gogreen #climatechangeisreal #plasticfree #green #sustainableliving #climateemergency #recycle #eco #pollution ,Protest,happy,0.578713464,0.9279960888191626,0.8805674412638868,0.16860112167093505,0.7296668158836641,0.5049489769453417,0.7602592291444231,0.24514575456439325,-0.7388761803066322
blissfulChowder5,FIFA World Cup,51.86039,41.90063,10/23/2022 17:01,10/29/2022 20:24,#fifa #football #soccer #messi #ronaldo #championsleague #futbol #fifaultimateteam #fifacoins #scififantasy #fifa2023,Sports,happy,0.84341458,0.8039842027977194,0.2866837641049715,0.2589514485651317,0.6156670033547478,0.1698870429239264,0.8514019407281694,0.2703007299180321,-0.05421069888507435
curiousPie7,Munich show,1.891854,-32.1458,10/23/2022 2:18,10/30/2022 3:43,#LouisTomlinson #isaacanderson #Social Gathering,Social Gathering,happy,0.444300298,0.9433464300265769,0.35336469134101767,0.7174657876598172,0.11227541127208322,0.4061866896859392,0.9783388891897398,0.45471230188534995,-0.8082679585584802
solidOryx5,Thanks Giving 2022,80.18668,71.16487,10/31/2022 18:08,10/30/2022 11:37,#thanksgiving #pumpkinpie #happythanksgivng #thanksgivingdinner #stuffing #thanksgiving2022,Social Gathering,joy,0.451361791,0.4269834175017675,0.4676386142173661,0.3189152117660394,0.7142621733765612,0.9577465407135942,0.21905413675441093,0.44877509038225516,0.954299025001146
solidDoves5,Independence Day,6.586623,84.81801,10/30/2022 13:07,10/30/2022 11:58,#photography #redwhiteandblue #jaihind #patriotic #pakistan #independencedayindia #photooftheday #indianarmy #celebration #summer #bhfyp #follow,Public holidays,happy,0.509255988,0.19283237371653172,0.5255455356713146,0.547194210280077,0.6812287070772205,0.5016983120462951,0.1020367121071676,0.8208270184925648,-0.43008203792047905
cruelPear2,Womens World Cup,-82.1517,28.19659,10/18/2022 22:49,10/30/2022 20:56,#womensworldcup #soccer #worldcup #football #uswnt #womenssoccer #fifa #womensfootball #alexmorgan #meganrapinoe #tobinheath #christenpress #lindseyhoran #soccerskills,Sports,happy,0.761612808,0.38358695715294744,0.7356540281046123,0.8364008781279336,0.21226138640710424,0.7837816672592259,0.6146292335812347,0.7733136687706418,-0.5273414468163897
trustingMare3,FINA World Swimming Championships (25m),13.39342,111.5908,10/23/2022 7:05,10/30/2022 21:20,#fina #swimming #swim #swimmer #o #swimmerslife #sport #iloveswimming #moda #swimwear #swimlife #waterpolo #tokyo #follow #fitness #swim25m,Social Gathering,happy,0.760484386,0.18422751208438243,0.3934220311168627,0.39793643557557146,0.3622002285036916,0.7290155460830869,0.925429965870611,0.5655342098761152,-0.6263791388667318
worriedSnail5,Halloween Party,-15.7663,-130.417,10/29/2022 23:59,10/31/2022 1:05,#horrorart #horrorfan #halloweenparty #horrormovies #trickortreat #halloweenmakeup,Social Gathering,fear,0.630063652,0.8539246891484372,0.9092169406685631,0.7942223244362143,0.21366115916196132,0.8001364075716585,0.16867713542426332,0.6290454750058639,0.10113792558807888
puzzledCrackers2,Thanks Giving,3.363116,141.5648,10/23/2022 0:15,10/31/2022 1:17,#thanksgiving #thanks #giving #socialenvy #turkeyday #turkey #christmas #thanksgivingdinner  #gratitude #holidays #givethanks #halloween #fun #enjoy,Public holidays,happy,0.82742443,0.30252830468543823,0.9531383048470795,0.7067079306725417,0.561959757776333,0.703698146672919,0.2049628307797493,0.8234185185427939,0.8891917379183476
hushedChough4,Thanks Giving 2022,14.9451,47.56519,10/19/2022 14:51,10/31/2022 5:06,#Fairmont #Scottsdale #stuffing #thanksgiving2022 #thanksgivingeve #thanksgivingdecor #thanksgivingclapback #thanksgivingtable,Social Gathering,joy,0.729620788,0.15373807733386008,0.2925131472082432,0.6890784761268519,0.8498546571015929,0.7638443658270818,0.15099986778364083,0.7704846995893716,0.1684402163842018
empathicFalcon3,WAR campaign,52.57082,25.59319,10/21/2022 8:45,10/31/2022 7:14,#VietnamWar #war #home #family,Summit,anger,0.571610167,0.3774282654057254,0.36208560618472696,0.1246118219006277,0.9035167236019214,0.17283255459129426,0.5116078454274962,0.3589116880330131,0.4241714802402352
chicBagels1,Thanks Giving 2022,-38.4408,-20.4277,10/25/2022 19:13,10/31/2022 8:34,#stuffing #thanksgiving2022 #thanksgivingclapback #thanksgivingfeast #thanksgivingbreak,Social Gathering,joy,0.708571433,0.2779099078591867,0.4703180277684025,0.861430791893229,0.34677543800584837,0.5593022350851103,0.786404500680155,0.4164344706209887,0.6380589359831945
trustingGatorade6,Labor Day,-4.9185,122.6146,10/22/2022 2:46,10/31/2022 11:45,#laborday #labordayweekend #happylaborday #labordaysale #summer #longweekend #sale ,Public holidays,happy,0.95654054,0.18535389924385354,0.11439802622731048,0.6838163789100173,0.199384303277451,0.1383982959649636,0.2903607192479136,0.8056045333911154,-0.42360152593051836
curiousCheetah5,Thanks Giving 2022,67.62084,-16.8178,10/28/2022 11:30,10/31/2022 14:44,#thanksgiving2022 #thanksgivingweek #thanksgivingfeast #thanksgivingclapback #thanksgivingfeast #Fairmont #Scottsdale ,Social Gathering,joy,0.875190927,0.22438085641725847,0.6132009118096161,0.21090563973359538,0.9675158708853455,0.4271303137401735,0.32045098217662626,0.8053245797325448,0.3471673685949601
abjectMackerel6,Thanks Giving 2022,-12.9402,-41.7113,10/18/2022 15:15,10/31/2022 17:00,#thanksgivingdinner #stuffing #thanksgiving2022 #thanksgivingweekend #thanksgivingbreak #thanksgivingeve #thanksgivingdecor,Social Gathering,happy,0.985990365,0.2160661194813175,0.429105159543407,0.6878519740256448,0.3323922567403361,0.23538625250621162,0.5165585990077478,0.8169114327900814,0.01806214227788394
murkyJaguar6,Halloween Party,9.360278,-167.335,10/27/2022 21:05,10/31/2022 19:25,#pumpkinpie #celebrate #fun #stuffing #pumpkin #holidayseason #happy #falldecor #spookyseason #vampire #zombie #ghost #halloween,Social Gathering,happy,0.392425802,0.9091324944285825,0.8909291263890852,0.9009988710337284,0.6075818865202989,0.5664805405691764,0.6655224507019348,0.2685606708410019,-0.6525797628033305
mildPaella4,T20WorldCup2022,-0.00178,144.1338,10/22/2022 19:36,10/31/2022 20:07,#INDvsAUS #T20WorldCup2022 #Trending,Sports,happy,0.965321787,0.36937680240592174,0.13287804288436983,0.9736218726725834,0.6393769861399446,0.6479770636809141,0.972757583874147,0.3541594046457699,-0.14119154641148812
wingedPiglet7,Halloween Party,-41.1518,121.2777,10/20/2022 10:00,10/31/2022 20:57,#halloweenvibes #halloweeniscoming #halloweenmakeup #halloweencostume #halloweenparty #halloweenart #ghost,Social Gathering,fear,0.770719284,0.9701179296021584,0.4983518271907631,0.25984448153245376,0.7607914179733393,0.5804373020574344,0.7243703790303908,0.6268851760099153,-0.42840422645598686
aloofDoves4,Soccer Legion,-4.67709,-133.007,10/27/2022 4:30,10/31/2022 21:16,#soccer #ball #futbol #envywear,Social Gathering,happy,0.564800719,0.5952460030353773,0.6849167878623349,0.7057158524586059,0.9443455109093212,0.8650189427737444,0.22764959453270148,0.2157539595275676,-0.299904374283823
somberStork8,Paris Strike,48.56669,155.4672,10/30/2022 18:38,10/31/2022 22:29,#BreakingNews #UltimaHora #Francia #Strike #Greve18Octobre #Huelga,Protest,happy,0.595167897,0.6683272079037148,0.6550238244275942,0.9042301203742966,0.4539916337132236,0.41445824764571504,0.6010000503318017,0.5887005559662253,0.9041829630584466
needyDinosaur5,Columbus Day,14.94252,15.35597,10/28/2022 9:17,10/31/2022 22:40,#columbusday #christophercolumbus #columbus #history #protectcolumbus #indigenous #october #repost #usa #italy #nyc #italianamericans #a #cristobalcolon #monday #italianheritage #holiday #knowcolumbus #spain #italoamericani #halloween,Public holidays,happy,0.784170343,0.1982223003103588,0.1996357544676968,0.533520851383269,0.7978227526200143,0.32105895904535176,0.1024890370349735,0.6542872243629838,0.19419138550433424
anxiousTermite3,Halloween Party,76.86266,-68.6951,10/28/2022 22:17,10/31/2022 23:41,#halloweencostume #halloween #spooky #horror #spookyseason #stuffing #pumpkin #holidayseason,Social Gathering,fear,0.337766602,0.7256193395977685,0.36723014193021586,0.35717641542580114,0.7001327271292205,0.7415899904773111,0.3779700024853342,0.6512494171891203,0.3293657393430798
enviousChowder7,Commonwealth Games,-29.9445,113.7959,10/31/2022 4:39,11/1/2022 16:37,#games #onthisday #wrestling #badmintonplayer #olympian #badmintonindia #worldathletics #indianathlete #prideofindia #adidas #sportlife #gymnast #srilanka #vineshphogat #badmintonindonesia #wrestler,Sports,happy,0.32158119,0.646806355794425,0.42346748128970724,0.8462218462886049,0.9285710450452008,0.1610285007220783,0.10294202223256177,0.8725991724038931,-0.15303940917900416
abjectViper6,All Saint's Day,2.412618,86.34412,10/28/2022 15:16,11/1/2022 19:25,#allsaintsday #halloween  #diadelosmuertos #dayofthedead #allsoulsday,Social Gathering,happy,0.783225161,0.3537212708586118,0.30992136137565063,0.1847769101231135,0.1555292939615223,0.3617160126491066,0.8405204096705905,0.7174634007737819,0.18425478771168424
hushedCurlew3,Kpop,25.20691,-30.2118,10/24/2022 22:53,11/2/2022 0:37,#elastincostarica #ELAST #kpop #Social Gathering,Social Gathering,joy,0.876107833,0.4415742955767725,0.7317427373691342,0.23565999171371543,0.7095473647435168,0.1555042342733381,0.32349664626903796,0.4906604361221545,0.2095208300530076
excitedMallard5,Juneteenth,73.65787,-159.344,10/28/2022 11:05,11/2/2022 6:54,#juneteenth #blacklivesmatter #blm #blackhistory #juneteenthcelebration #blackgirlmagic #blackownedbusiness #freedom #love #blackexcellence #explorepage #black #melanin #blackowned #blacklove #buyblack #june,Public holidays,happy,0.595173143,0.4021763314040101,0.8297073454424556,0.33425868878185006,0.8209591158043337,0.9612762724060316,0.5104650200977325,0.1455149167961892,-0.3569787353816707
cruelPear2,Motor Traffic,40.36957,-10.4354,10/24/2022 18:27,11/2/2022 14:49,#Traffic#Bonkers@WelshGovernment@CarmsCouncil@NiaGriffithMP,Traffic,happy,0.871029354,0.44791671808038647,0.5688368160475626,0.7904969525513258,0.41729598513049204,0.1774595342805907,0.9069544637801578,0.29201768991154076,-0.8109033064047921
mellowDoves9,Cherry Creek Arts Festival,-42.2939,65.37626,10/27/2022 1:35,11/2/2022 17:53,#CherryArts #CherryCreekArtsFestival and #ArtforEveryone,Social Gathering,happy,0.708171863,0.11218328379323231,0.6583046249922087,0.9546861775658397,0.8543036798763853,0.10791825874938771,0.7703561059104392,0.7095493381906236,-0.8663484675980133
goofyCoconut0,Juneteenth,39.74001,32.31675,10/19/2022 9:19,11/2/2022 20:38,#blacklove #buyblack #june #blackpower #atlanta #happyjuneteenth #georgefloyd #supportblackbusiness #fashion #blackbusiness #art #th #explore #blackisbeautiful #music #repost,Public holidays,happy,0.985047703,0.12529281010378146,0.5171157491530287,0.5396884606577186,0.13162616830613397,0.48810250209667694,0.9472417459197507,0.38927539295192604,0.8427363085868156
worriedIguana1,ICAI,30.21832,67.95138,10/22/2022 7:47,11/2/2022 21:19,#ICAI #Convocation #convocationindore #convocation2022,Summit,happy,0.823994776,0.7617379021958428,0.17048127154456721,0.8810107895920151,0.2418595069530366,0.8586943451259491,0.4518256561260581,0.9174866537408175,-0.3024662217059749
amazedOil0,ICML 2022 (Tech conference),60.2076,3.941237,10/18/2022 9:54,11/2/2022 23:50,#icml #icml2022 #machineLearning #cybersecurity #digitaltransformation #softwaredeveloper #code #neuralnetworks #computer #php #hawaii #research #ieee,Summit,happy,0.696799742,0.6080938413105879,0.6585863747900008,0.6289341345146623,0.3471309156367606,0.6170762856710399,0.27258698241823603,0.749690599196351,-0.3985017220724889
fondMeerkat5,Film Festival,-85.0583,-119.054,10/26/2022 17:56,11/3/2022 10:35,#AdirondackFilmFestival #LakePlacidFilmFestival #Free #Summit #Filmmakers,Summit,happy,0.843091094,0.42327061433529245,0.3489340237995039,0.13211318481827056,0.5784954176928703,0.4918718763080162,0.826645578923814,0.5535623147410904,0.5317483668533736
excludedSalt1,Memorial,-18.823,-179.371,11/1/2022 17:02,11/3/2022 12:46,#olympics #TeamCanada #CDNParalympics,Public Holidays,sadness,0.500990665,0.6019034491436451,0.979652248129297,0.6390051519207051,0.46083185846720787,0.40954487556363806,0.5465408259889394,0.12729332907316898,0.156769859413336
lyingWeaver1,Marine Cops Training,-78.7545,26.9761,10/29/2022 12:21,11/3/2022 16:20,#Marines #USMC #military,political,happy,0.358749687,0.14295665539009855,0.44610719681503697,0.8642763865934947,0.2221562470224209,0.44762249346474003,0.2677650616932773,0.38677187453289186,-0.5659047696564228
cynicalHyena7,Arizona Weather forecast,-70.6232,-174.687,10/25/2022 22:52,11/4/2022 2:48,#arizonaweather #arizona #azliving #arizonalife #arizonaliving #azweather #scottsdalearizona #arizonadesert #mesaaz #gilbertarizona #azlife #arizonahomes #arizonarealestate #gilbertaz,Weather forecast,happy,0.803083693,0.37828888328623833,0.6752806461878799,0.9070677847218499,0.8762053504186318,0.24769602823042342,0.8057059825506772,0.8545809160252555,-0.5087087834686886
yearningApples5,BMS Talk,-67.1328,58.31093,10/29/2022 6:25,11/4/2022 3:04,#mycology #research #events #Summit #fungi #mushrooms,Summit,happy,0.762805249,0.14332470385315804,0.12241021553007965,0.48442848109692727,0.4574974947752265,0.7917028771004608,0.4482294681977782,0.45548409216789154,-0.5315396990758401
trustingMare3,US Open,-13.4027,-109.674,10/24/2022 23:04,11/4/2022 7:05,#nike #zverev #newyork #delpotro #goat #tennislover #andymurray #tsitsipas #nole #adidas #emmaraducanu #thiem #nolefam #medvedev #fitness,Sports,happy,0.356284945,0.44040682380965634,0.52197690788339,0.7142539719508564,0.5013217768239286,0.14265254547181572,0.7152810196407151,0.3715284945968006,-0.7447766311880986
mereFalcon0,Phoenix - Anubhav Singh Bassi Live ,85.20933,-25.0267,10/23/2022 15:10,11/4/2022 8:36,#anubhavsinghbassi #memes #standupcomedy #memesdaily #zakirkhan #abhishekupmanyu #standup #hindimemesbelike #beabassi #meme #funnymemes #standupcomedian #akashgupta #follow #aib #iitdelhi #iitkanpur #modimemes #indianstandup #modi #amityuniversity #standupcomic,Summit,happy,0.517794314,0.7067962340545337,0.5269048923610279,0.7873205607911001,0.24231249536137284,0.5698747140007996,0.651666318697234,0.9373428962018039,0.38890253056080026
needyDinosaur5,The Dark Side of the Void event,50.99668,60.46082,10/22/2022 22:29,11/4/2022 12:16,#OutlandOdyssey #ProjectSEED #Gaming #Game #GameFi #NFT #RPG,Social Gathering,surprise,0.929889197,0.70612515569688,0.491199935121614,0.6658466939314444,0.12903885310643276,0.4527085139672784,0.8313598852948728,0.8271632224130329,-0.021058918407239613
aboardSheep3,Skydiving,-62.8265,159.4863,10/28/2022 16:19,11/4/2022 12:38,#skydiving #extremesports,Sports,happy,0.824856676,0.4550800714107518,0.9459987108720425,0.652400014489312,0.6791834642373089,0.8175405367745495,0.5407130507043479,0.8816214276381439,0.8806977745782052
grizzledWidgeon2,Independence Day,-71.5264,-134.743,10/28/2022 10:18,11/4/2022 15:00,#independenceday #thofjuly #india #july #th #freedom #august #fourthofjuly #usa #love #happy #happyindependenceday #independence #america #fireworks #india,Public holidays,happy,0.739945746,0.20885345900855742,0.16602324256456286,0.21539608093278367,0.8102252476516246,0.8434045388929977,0.4840053915324143,0.2577165156103704,0.7744617116051726
mildPaella4, special corporate Seminar,88.39103,77.14847,10/23/2022 18:02,11/4/2022 16:43,#Summit #Corporate #UAE #Business #Success #JohnOfThings,Summit,happy,0.402953585,0.13387456505561768,0.42125184645235814,0.39845132907998826,0.6591199272667717,0.37944087037822516,0.4264191794913883,0.7200515743534588,-0.6715937405115746
insecurePonie7,Platinum Jubilee Bank Holiday,-49.5004,-128.035,10/18/2022 20:43,11/4/2022 23:15, #PlatinumJuiblee #HM70,Public holidays,happy,0.880949513,0.26075314654532467,0.7673098991470451,0.7527563230921703,0.5506804093821108,0.5261669413943332,0.20691338945314663,0.6922376712537803,-0.37521507875583837
selfishSmelt6,Polkacity Metaverse,35.95476,25.17673,10/25/2022 9:37,11/4/2022 23:47,#metaverse #polc #NFT #Contest #game,Social Gathering,happy,0.80061949,0.7053957879682956,0.8125035207954924,0.9087686071443195,0.8612957027669655,0.6863023746751531,0.4855714761487727,0.3140937921351028,0.930227735097815
wornoutFlamingo8,Champions League,19.69388,178.1894,10/23/2022 21:44,11/5/2022 8:33,#BarcelonaNapoli #UEFA #Chammpions,Sports,happy,0.485927821,0.3511752926770587,0.3814408889674902,0.24166288931419425,0.8033118844980685,0.492860502400276,0.7380076283292959,0.4474935503841535,0.33134102727888703
boredBuck1,Kuttiyatam,-88.1117,11.81579,10/26/2022 5:56,11/5/2022 10:27,#ICCR #Kalamandalam #Watch,Social Gathering,happy,0.422615087,0.45914092522834526,0.7347485808289642,0.8552453353742064,0.23717534336375773,0.7887228552930627,0.2742698738233035,0.12218279900372739,-0.3209605119541207
gutturalTacos8,Columbus day,-67.4677,38.73876,10/21/2022 22:20,11/5/2022 12:26,#columbusday #christophercolumbus #columbus #indigenouspeoplesday #america #nativeamerican #italianamerican #savecolumbus #cristoforocolombo #italia #savecolumbusday #columbusdayweekend,Public holidays,happy,0.904013335,0.2348578653637388,0.9173944257066596,0.217314099743727,0.48829899921479647,0.3695750231156434,0.41728364214041536,0.4855607520038826,-0.5284508612096326
lyingWeaver1,Strike Finland,-43.5657,-26.4861,10/31/2022 2:59,11/5/2022 14:41,#Russia #AtrocitiesOfKremlin #War #Kremlin #Putin #closethesky,Protest,happy,0.62131639,0.16690902501264293,0.4033779302433659,0.31564599209572886,0.8648531690281199,0.3517095652274207,0.987687729317027,0.8004436432039395,0.49333163207249897
dejectedMuesli6,Skydiving,-59.7813,-2.00791,10/26/2022 22:56,11/5/2022 17:09,#PalmJumeirah #Flock #MondayMotivation #Skydiving #Travel #MyDubai #SkydiveDubai,Sports,happy,0.795451437,0.6092091262493063,0.3617797584372119,0.2034566225787231,0.23481750722121314,0.6235422025966985,0.611682315033739,0.6526525484788811,-0.3913535990886383
lazyApples3,LandScape 2022,-81.8693,19.30772,10/30/2022 1:44,11/5/2022 18:03,#Summit #seminar #cpd #LANDSCAPE2022 #thenec #cpd #cpdSummit #eventslife #eventsvenue,Summit,happy,0.857533039,0.16173588361319777,0.24749306654126843,0.9536583721210411,0.5429890739755012,0.5416819329284324,0.4012097761497735,0.2822273877521454,-0.4894143766187443
solidOryx5,China town Traffic,27.92889,-45.8918,10/27/2022 21:55,11/5/2022 19:23,#Toronto #chinatown #streetphotography #signage #traffic #photo #photography #sign,Traffic,anger,0.621563588,0.19730559519121335,0.31852963156650826,0.7028208448777363,0.715643762090608,0.936548486766454,0.23136872719463214,0.2971419452247769,0.2932667431318423
wornoutFlamingo8,Commonwealth Games,-17.1059,55.60054,10/29/2022 8:28,11/5/2022 22:44,#weightlifting #sprinter #olympicgames #indian #gc #theflyingsikh #pvsindhu #sainanehwal #shooting #gold #instasports #legend #badmintonlovers #teamengland #games #onthisday #wrestling #badmintonplayer #olympian #badmintonindia #worldathletics #indianathlete #prideofindia #adidas #sportlife #gymnast #srilanka #vineshphogat #badmintonindonesia #wrestler,Sports,anger,0.785786521,0.8525976197759271,0.11769016314913724,0.6672438849178048,0.6587570586015112,0.6691229646813093,0.5190709917457985,0.19230472815666494,0.0629002741136071
pitifulOtter9,Mumbai Traffic updates,-58.1856,-137.469,10/21/2022 21:25,11/5/2022 23:02,#monsoon #nature #india #rain #photography #naturephotography #monsoonseason #travel #rainyday #mumbai #instagram #maharashtra #love #instagood #ig #clouds #photooftheday #incredibleindia,Traffic,anger,0.989681577,0.5554338259835225,0.36028890739971686,0.4908053197556821,0.723722756313101,0.5270218576831636,0.37229180634128245,0.968220328400823,0.7019518515406058
puzzledCrackers2,European Elections,22.32204,-163.73,10/18/2022 22:53,11/6/2022 3:26,#news #europarlament #slovensko #peace #europeanfashion #europeancat #evropskyparlament #travel #climatechange #europeancars #europ #europeans #italy,political,disgust,0.333553588,0.22682887471064597,0.463696814699166,0.9365348903689185,0.7147801433223466,0.9856135266232428,0.8985555659698645,0.8096413763023526,0.6885766225416508
goofyVenison9,Movie,45.93002,84.82815,11/1/2022 3:27,11/6/2022 4:21,#Pathaan #War,Summit,surprise,0.953138009,0.38055441927733724,0.20855044529285133,0.19589779826164563,0.19254142789425038,0.32655827563281536,0.6477182167453179,0.6999319626538687,0.7052607247337495
peskySwift9,Memorial Day,-61.3556,-172.366,10/31/2022 1:47,11/6/2022 6:34,#family #memes #redwhiteandblue #instagood #photography #remember #freedom #instagram #happymemorialday #neverforget #covid #honor #army #friends #sale #nyc #fireworks #newyork,Public holidays,sadness,0.943680316,0.5996586707248053,0.18768987866324074,0.2868167942534236,0.7145038357518063,0.3421194798254983,0.4528692592841723,0.9156070022242383,0.8342177804012085
hushedCurlew3,EdTech Summit,-80.4222,-28.2967,10/19/2022 20:00,11/6/2022 11:57,#EdTech #academy #education #experience #event #schoolsoftware #grandopening #summit,Summit,happy,0.299515018,0.8459969988238832,0.21361668886193905,0.42277310669600365,0.3550076413923394,0.8908048814109337,0.2443847947882327,0.14432111484229526,-0.23992696965409221
pitifulMagpie1,Mecca Madina,63.93699,-156.482,10/28/2022 9:17,11/6/2022 12:12,#makkah #mecca #baitullah #houseofallah,Public Holidays,happy,0.966487224,0.5318702219914152,0.30222221667683946,0.2431689047405875,0.7036654795916313,0.6289677832813937,0.40336477755999167,0.7516727439333054,-0.7318152960494961
bubblyOryx4,FINA World Swimming Championships (25m),-46.3728,168.7425,10/24/2022 1:36,11/6/2022 13:45,#swimwear #fina #entrenamiento #cadda #mallasdeportivas #nadadora #mallasdenatacion #resistentesalcloro #resistentealcloro #entrenamiento #cadda #mallasdeportivas #nadadora #mallasdenatacion #resistentesalcloro #swim25m,Social Gathering,happy,0.51276316,0.485685947911188,0.18771806014195747,0.9761930073067405,0.4243101018119013,0.7127824134812429,0.8155980272270322,0.6732753315933834,-0.9639500543403894
fondSnail9,Cisco Live,-83.0209,-105.905,10/29/2022 19:20,11/6/2022 21:06,#informationtechnology #programming #dell #ciscosystems #ipv #routing #huawei #itsupport #computer #comptia #azure #business #itcertification,Summit,happy,0.785851664,0.735802459668356,0.2581087749015659,0.6027596585238866,0.8924415670314647,0.5257527900876807,0.7074132904622478,0.21415361809168187,-0.8858355314087648
goofyCoconut0,Olympics 2023,77.26894,1.059619,10/24/2022 12:26,11/7/2022 5:12,#running #gold #tokyo #run #sports #basketball #boxing #olympics #olympics2023,Social Gathering,happy,0.628217822,0.8269826359339134,0.7890738574446187,0.6976438609079797,0.31768184207286687,0.8863138224468486,0.7460474478686892,0.7477150561156511,0.6822285379930273
eagerMallard9,Day of the Dead,44.79027,-129.34,10/24/2022 3:10,11/7/2022 5:25,#skeleton #ofrenda #catrinamakeup #lacatrina #adelosmuertos #m #halloweenmakeup #xico #diadelosmuertosmakeup #photooftheday #losangeles #a #cempasuchil #ademuertos #dayofthedeadart,Social Gathering,fear,0.418714314,0.913334903788625,0.18252624970854592,0.8749328762678396,0.6839118938638671,0.7314502803422808,0.9731425971823539,0.6451400465567166,-0.5973815619528884
abjectMackerel6,Olympics 2023,38.03737,-25.9456,10/25/2022 23:54,11/7/2022 9:27,#hockey #gymnastics #teamindia #yuzuruhanyu #neerajchopra #instagood #tennis #run #paralympics  #track #workout #nike #nba #karate #photography #hurdles #tokio,Summit,happy,0.815757826,0.7795779070953118,0.49744082203334417,0.6332552659737776,0.3449786013586217,0.18702931958175625,0.7133242636086674,0.48329548401836286,0.04789854077690525
ferventPlover8,US Open,-8.26145,37.32613,10/23/2022 20:38,11/7/2022 13:24,#nike #adidas #tennismatch #tennistime  #tennispro #tennisplayers #usa #rafanadal #serenawilliams #golf #djokernole #daviscup #tennistv #kyrgios #zverev #newyork,Sports,happy,0.765513234,0.3752148927919158,0.21809662634729204,0.10240027551450186,0.6950415319206038,0.1987829129729422,0.9712281755920508,0.829401017459629,-0.12500202020485762
scornfulSnail0,Standup Comedy - Jerry Seinfeld,45.44235,-155.726,10/26/2022 8:26,11/7/2022 14:13,#standupcomedy #comedy #standup #comedian #funny #jokes #humor #comedyshow #comedians #comedyclub #memes #standupcomedian #comedia #lol #comedycentral #funnyvideos #laugh #hilarious #love #meme #fun #funnymemes #livecomedy #comedynight,Summit,joy,0.871964999,0.9833059116828663,0.17866423020963668,0.22784387669089426,0.5931265609000285,0.5508834437688767,0.38116581982749587,0.9121078170185272,-0.8547091009182737
dreadfulZebra6,Weather forecast,-44.1065,160.4625,10/24/2022 12:15,11/7/2022 16:04,#weather #nature #sky #clouds #photooftheday #photography #beautiful #love #rain,Weather forecast,happy,0.383270141,0.23261268771340513,0.7548409610894118,0.29298708893340686,0.41777643211498716,0.6896540404126794,0.763186531395358,0.26104585706563976,0.9498328243315228
sheepishBagels1,food day meet,61.73121,95.86316,10/24/2022 22:26,11/7/2022 23:17,#worldfoodday #worldfoodday2022 #LeaveNoOneBehind #flag,Summit,happy,0.702787159,0.19376871989423755,0.731329960239048,0.9158839690025753,0.3307871429521472,0.7558363670779276,0.666506680135912,0.6182461539786771,-0.12910298029223466
sheepishBagels1,US Open,-82.358,-28.0682,10/22/2022 12:25,11/8/2022 2:08,#tennismatch #tennistime #wilson #babolat #tennisgirl #tenniscoach #tennispro #tennisplayers #usa #rafanadal #serenawilliams #golf #djokernole #daviscup #tennistv #kyrgios,Sports,happy,0.687122013,0.7691999341924665,0.4475217536887749,0.7155534073861708,0.7242247440714719,0.3417053910925336,0.5159576256311987,0.13266675385627802,-0.9301646748817056
amazedThrush4,Study Abroad Webinar,-16.6221,-73.1245,10/28/2022 23:51,11/8/2022 5:28,#SITStudyAbroad #NotYourOrdinaryStudyAbroad #ProfessionalDevelopment #abroad #study ,Social Gathering,happy,0.44418,0.894519222324463,0.5519544759797239,0.4569463766584586,0.32205269503446216,0.272192120497202,0.725381214835748,0.7811031692696587,-0.7283341124183319
kindPear6,Diwali,-22.923,160.6402,10/28/2022 0:40,11/8/2022 9:42,#RamSetu #RamsetuDiwali25oct2022 #Diwali #AkshayKumarð“ƒµ,Public holidays,happy,0.327353813,0.39756516427953714,0.5645462631466699,0.5067832852448626,0.22609939123763217,0.8231071891216547,0.7912854495921214,0.7124572275857457,0.6767640784404176
mellowWidgeon3,Football Match,-59.1237,-38.2741,10/31/2022 15:09,11/8/2022 10:56,#UefaChampionsLeague #ChampionsLeague #ChelseavsACMilan #Chelsea,Sports,anger,0.5894405,0.12840608312172644,0.8748026849288633,0.29798560784379174,0.43600312550527875,0.4116436162049113,0.22960718848210812,0.5387609742683046,-0.9099060126817285
gleefulCheetah2,Traffic,6.527246,-145.249,10/22/2022 22:56,11/8/2022 11:10,#hwy401 #OPP #jeep #Traffic #RoadSafety #truckdriver #dashcam #trucking #Transportation #Speeding,Traffic,happy,0.633851876,0.5242117539851703,0.9082563849574063,0.7163022887909584,0.8110750988565523,0.8726943410204004,0.587583919821066,0.14753950720603054,-0.9020785140559822
goofyVenison9,Graduation Ceremony,-10.4368,171.0932,10/31/2022 7:50,11/8/2022 11:57,#psychology #graduation #classof2022,Summit,happy,0.328303095,0.1102427366440808,0.5270163569687045,0.988854859805967,0.48433945803713885,0.4953780933290043,0.9640649441912668,0.9398272692486874,-0.7990234038493446
selfishSmelt6,Tokyo2020,-58.8771,128.1449,10/27/2022 4:48,11/8/2022 12:33,#CollegeFootball #AutoRacing #Olympics #WideWorldofSports #AFL #NFL #MLB,Sports,happy,0.390372486,0.5603619320498526,0.3097585058697347,0.18206716333239625,0.23264127960916953,0.460167591688201,0.7705237522843582,0.8031927299753494,0.7903697582181037
abjectViper6,Movie shoot,-48.5884,124.9654,10/30/2022 13:42,11/8/2022 15:46,#ps1 #shootdiaries #actor #sendhanamudhan #sendhan #horseriding,Summit,happy,0.343632158,0.8014445805146715,0.22994563108115926,0.6527324101997536,0.6272424229223431,0.600758401384936,0.8595624383951579,0.2143206494071946,0.8114007438529258
fondMeerkat5,Hungama Social Gathering,-84.6789,-38.5585,10/31/2022 23:45,11/8/2022 18:23,#atif #aslam #atifaslam #honeysingh #aadee #aadeez http://instagram.com/p/ePbEu5THHO/,Social Gathering,joy,0.580452016,0.17365951704737714,0.3537667411993467,0.20171934682632528,0.5214607292238131,0.638595906495961,0.6426539449798491,0.5950757682585112,-0.6903077450907924
aloofDoves4,AZ election campaign,-7.26269,-119.248,10/21/2022 11:30,11/8/2022 21:21,#ONEV1 #DemVoice1 #Dems4USA,political,happy,0.291383908,0.7564144998145554,0.42569831073297015,0.8402608041166861,0.5086872776901772,0.6168349786329677,0.6103984572215199,0.45951804213854164,0.8426891651907242
grumpyPiglet8,Independence Day,-57.9367,-146.17,10/23/2022 9:51,11/9/2022 1:10,#thaugust #art #starsandstripes #flag #holiday #celebrate #indonesia #instadaily #bharat #family #trending #travel #indianflag #thindependenceday #sale #merdeka,Public holidays,happy,0.446435435,0.39423851132807985,0.5499107396892742,0.16895599221402025,0.9127598226134492,0.6302795975540111,0.1455250120408214,0.7111684078840749,0.7532444313010189
trustingGatorade6,traffic Jam...at Akurli Road,29.18944,105.7971,10/24/2022 16:23,11/9/2022 4:34,#Traffic #TrafficAlert #TrafficUpdate #autorickshaw,Traffic,anger,0.837526294,0.49849521156003007,0.5409020745488407,0.9096366143197563,0.23884489405439857,0.42096736626299136,0.5006211546366776,0.18782305850263248,-0.5916680853961396
ardentPolenta8,Football Match,75.11071,86.39842,10/28/2022 23:48,11/9/2022 5:29,#PARJUV | #UCL #PSGvsJuventus #PSGJUV #Juventus #ChampionsLeague,Sports,happy,0.900494678,0.47583861747601697,0.3721605459882772,0.866106676625563,0.10415374047381672,0.44111109850498975,0.42683308547469634,0.3093054626284597,-0.18047861535912102
soreViper3,CES (Consumer Electronics Show),74.71425,40.60053,10/21/2022 10:49,11/9/2022 11:57,#drais #xs #hiphop #vegasbachelorettes #lasvegasstrip #omnia #top #treasures #scores #spearmintrhino #bottleservice #sapphiregentlemensclub #tech #ces #vegas #ch #free #vegasbound,Summit,happy,0.437525967,0.6663705653862962,0.8429190641755491,0.4034528734615934,0.6967417540187668,0.39533898741379003,0.6137755315793999,0.8184379398600656,0.6740938354968704
eagerMallard9,Post Malone,-58.3833,-125.245,10/18/2022 13:52,11/9/2022 17:32,#ampitup #aldanaamphitheatre #liveataldana #bahrain #Social Gathering,Social Gathering,happy,0.77046464,0.4111214906043913,0.8955639336954843,0.5236911617993747,0.20245473663126928,0.44102079591569654,0.4033834553805342,0.12426950133368128,0.39797304437117775
resolvedAntelope6,European Elections,1.349627,-147.096,10/24/2022 4:59,11/9/2022 19:34,#europ #europeans #italy  #belgium #strasbourg #thefutureisyours #eusolidarity #europeansociety #epp #eppgroup #news #europarlament #slovensko #peace #europeanfashion,political,happy,0.894838578,0.2205334620620308,0.20683923504299517,0.6335761845446566,0.6628008183970677,0.6065790272871289,0.8835598813178451,0.6941473716860858,0.4993506335193403
worriedSnail5,Olympics 2023,-82.9719,104.9006,11/1/2022 9:14,11/9/2022 19:38,#karate #photography #hurdles #tokio #figureskating #iceskating #skating #cheer  #olympics2023,Social Gathering,happy,0.68542481,0.6507320830315104,0.564044610713921,0.48083240583314735,0.6792532902563089,0.874540379157615,0.4245097368074414,0.48539084493301987,-0.05054671268643374
solemnBaboon2,I-395 Highway Traffic,88.5141,87.78143,10/30/2022 1:26,11/9/2022 20:26,#traffic #vatraffic #dctraffic #395cam,Traffic,happy,0.794213889,0.8114181792723403,0.6717290033382374,0.3336289169406581,0.7841275052189393,0.8102540278448823,0.7688257738257753,0.17641056016480716,-0.6021856158028005
ardentPolenta8,Cisco Live,-50.6327,112.0616,11/1/2022 19:30,11/9/2022 23:46,#juniper #ciscocertification #ubiquiti #data #vmware #cisconetworking #iot #certification #devops #networkadmin #informationtechnology #programming #dell,Summit,happy,0.973415822,0.9846139766040478,0.8910063005852479,0.3308207414126356,0.35384832931039767,0.46513789232316494,0.90623791344098,0.12301711515249883,0.875314868925799
solemnBaboon2,GOBELINS' Youtube channel,-10.7821,-155.196,11/1/2022 22:19,11/10/2022 0:05,#animation #2danimation #graduation #digitalart #characterdesign,Summit,happy,0.554781272,0.6042944737528005,0.8120623541193627,0.6363030269427471,0.11506688477597335,0.7982824072804208,0.647952963099837,0.7903642357106188,0.1578349240797281
pitifulCod8,FIFA World Cup,48.80615,-146.179,10/18/2022 4:28,11/10/2022 4:30,#fifafanfest #fifa2023 #fifapack #fifaplayers #fifafut #fifawwc #fifalegend #fifaworldcup2023 #fifaluck #eafifa #fifacoins #scififantasy #fifa2023 #ronaldo #championsleague #futbol #fifaultimateteam,Social Gathering,happy,0.798780381,0.8971601747395703,0.23389300303818944,0.9387890189648139,0.5123451804869439,0.35335008514329747,0.9643377316155358,0.26336657195829694,-0.49976358936879267
dreadfulZebra6,ICICT 2022,-49.1274,148.8465,10/27/2022 6:59,11/10/2022 7:37,#ICICT2022 #Summit #Conference #KIET #IoT #AI,Summit,happy,0.440319612,0.3194103631766345,0.6061083546856684,0.8402399426189294,0.556956023314521,0.24572754123367851,0.7498276320336704,0.17630999175750484,-0.5640592054745219
insecureDotterel1,Ireland horse riding,-33.1591,-101.719,10/27/2022 6:17,11/10/2022 11:29,#ballycastle #NorthernIreland #northcoast #visitcauseway #causewaycoast #horseriding #photography #games,Sports,happy,0.573570918,0.48426579437165973,0.35840358831688224,0.4767112757247153,0.6018628470541095,0.6257222344942824,0.28469966026334426,0.2578631345018729,-0.46790421421540096
cruelPie4,Skydiving,51.8168,-146.376,10/23/2022 10:56,11/11/2022 14:20,@skydivedubai@visitdubai#skydiving #skydive #skydivingadventure,Sports,happy,0.503948127,0.45727892994893404,0.6431651223914894,0.42070972692260855,0.27105785070998034,0.6602327629311655,0.2963994627932297,0.6556689978011444,0.8375522914890643
alertTacos3,Cloud Summit,9.195103,-125.774,10/19/2022 1:26,11/11/2022 16:24,#cloud #data #technology #cloudcomputing #bigdata #mumbai #summit,Summit,happy,0.525510365,0.49687919708323935,0.6088242165457464,0.5018308559480525,0.8796062514128193,0.5974689161682628,0.29274030089352415,0.3864207224706788,0.8889518557134932
outlyingChough9,50 Year Anniversary of Pride March,-8.7314,-69.3565,10/31/2022 5:25,11/11/2022 18:47,#transgender #lgbtrights #parade  #queerlove #trans #happy #lgbtyouth #queerlife #followers #gaylovegay #husbandandhusband #husbandappreciation #husbandandhusbandhappy,political,joy,0.844246841,0.3536072293592567,0.9189068480992693,0.5429751501183973,0.832586571976108,0.5075935398741641,0.5421810890631321,0.9714484534538754,0.04605822199295462
boredBuck1,Memorial Day,88.00547,-159.808,10/25/2022 16:03,11/11/2022 23:25,#art #follow #weekend #patriotic #thankful #beach #holiday #grateful #fitness #veteran #party #navy #airforce #memorialweekend #bbq #travel #marines #quarantine #memorialdaybbq #nyc #fireworks #newyork,Public holidays,happy,0.552088504,0.2532057634079568,0.15641542214574133,0.9840095466058582,0.7596112899234798,0.3822564706326337,0.6368695399029881,0.6700673609000344,0.5681255095156752
insecureDotterel1,Mecca Madina,-21.5499,-140.156,10/25/2022 17:15,11/12/2022 0:10,#macca #JummaMubarak #ShutUpTanveerIlyas,Public Holidays,happy,0.622635849,0.7114977129580625,0.486355904608459,0.5994962833711377,0.5425551392832538,0.14228644880505004,0.5303414259171085,0.9597236180928469,-0.8443181669530354
mellowDoves9,Wimbeldon 2022 Final,-37.6125,57.95785,10/28/2022 0:24,11/12/2022 11:05,#Wimbledon #WimbledonFinal #Wimbledon2022 #Tennis #ATP #atptour #NickKyrgios #NovakDjokovicvsNickKyrgios #NovakDjokovic,Sports,happy,0.552265677,0.7947033071805611,0.9123481024024901,0.20113060609574018,0.29190062087511864,0.17667775451909384,0.72726683939876,0.2210079285161127,0.9781891659897977
fondLapwing2,Kannan Gill - Standup,23.18061,165.563,10/23/2022 19:53,11/12/2022 12:51,#kanangill #kennysebastian #comedy #standupcomedy #netflix #biswakalyanrath #sketchybehaviour #standup #yourssincerely #funny #netflixindia #comicstaan,Summit,joy,0.627926477,0.1263207418057426,0.7010441760491666,0.49123048873293695,0.7925531839226047,0.8325507062536261,0.5492564738088657,0.7577092483557069,0.029291812599000044
mellowWidgeon3,Flight strike,-5.18652,-160.423,10/31/2022 23:39,11/12/2022 15:14,#kwaraconnect #Ilorin #kwara #Durbar #ilorindurbar #festiwal #emirates #horse #horseriding #horsepower #tournigeria #culture #african #africanculture,Protest,anger,0.874797074,0.27913728457598735,0.146909210630663,0.3108601579879981,0.33481149404946464,0.5224984008571817,0.7060585686277866,0.42305100437224885,0.5904302135259056
chicBagels1,Motivational Talks,18.94771,160.0723,10/29/2022 7:05,11/13/2022 1:18,#joshtalks are #successfultips #motivationsaturday #motivationquotesoftheday #enterpreneurquotes #motivationpage #sandipmaheshwari #ceoquotes #thoughtleader #fuckbitchbecomerich #achievers,Summit,happy,0.646566572,0.3448848470309673,0.4704458797859673,0.10047267065032715,0.49301672324704504,0.6778342247874658,0.877166803134187,0.4319380554676465,-0.4916654056556852
jealousStork9,Global Climate change strike,-48.6757,151.7085,11/1/2022 7:31,11/13/2022 4:07,#savetheearth #reuse #conservation #ocean #gretathunberg #art #love #noplanetb #plasticpollution #biodiversity #wildlife #energy #cop #ecology #noplastic,Protest,anger,0.872695058,0.4516510459887839,0.9560283874331064,0.3580795850212187,0.36506851923247363,0.1102206994925932,0.9613315191185065,0.627385803626812,0.1885837658420244
thrilledEland2,WAR campaign,4.246271,-85.5722,10/20/2022 11:18,11/13/2022 6:32,#UNHumanRights #ICHREE #UN #USAID #war,Summit,anger,0.728827385,0.12706836670435337,0.9720601672863645,0.708181735391701,0.48305581449251533,0.4850082603235105,0.2902670255930655,0.11690264130101213,-0.09744138450271878
eagerPonie7,Memorial Day,-56.8023,-51.1205,10/26/2022 0:36,11/13/2022 11:05,#memorialday #memorialdayweekend #usa #love #america #memorial #memorialdaysale #mdw #like #memories #military #veterans #summer #thankyou #photooftheday,Public holidays,sadness,0.556180562,0.7093265979231864,0.3992245199823943,0.786965821696081,0.7271118672394712,0.9006169958209773,0.8626225717670061,0.6037268069480469,-0.9452172916206955
soreViper3,50 Year Anniversary of Pride March,7.008686,48.91296,10/27/2022 9:19,11/13/2022 21:48,#bipride #nyc #w #gayman #gaycouple #prideparade #pride #pridemonth #lgbtq #gay #lgbt #tbtfollowers #nonbinary #pridemakeup #prideandjoy #prideweek #music,Public holidays,joy,0.75517297,0.2594763425091604,0.10165506261200428,0.6278267182587661,0.27604580117489463,0.3853103632720052,0.36519286234965076,0.3486296547889236,0.46488308576459003
kindPear6,Farmer's protest,-84.538,82.1884,10/31/2022 14:27,11/13/2022 22:36,"#FarmersProtest, #standwithfarmerschallenge, #SpeakUpForFarmers, #iamwithfarmers, #kisanektazindabaad, #tractor2twitter, #isupportfarmers",Protest,disgust,0.937093044,0.7285196883643988,0.5891990924623945,0.43515184867935863,0.29503943131658356,0.14786456336725115,0.3983259507487582,0.857687674619603,0.15200270713871067
relievedQuiche6,Olympics 2023,45.48438,-143.392,10/25/2022 0:16,11/13/2022 23:27,#sport #football #running #gold #tokyo #run #sports #olympics #london #japan #india  #olympics2023,Social Gathering,anger,0.599034926,0.650268342970017,0.6977949481508333,0.17351583690924635,0.6129110640222226,0.6483499878120896,0.14326531320853408,0.19127119946588989,-0.21122135029998812
jealousPolenta0,Ukrain bombed,-32.5905,-13.6689,10/20/2022 10:27,11/14/2022 15:38,#war #UkraineRussianWar #ukraine #Kyiv #putin #PutinIsaWarCriminal #PutinWarCrimes #ukrainewar #ukrainewarvideos #constantcontent,Protest,disgust,0.647534797,0.7666726765068753,0.3906295598006998,0.6356051723780064,0.18814079316580684,0.30935443040787874,0.39512187249403097,0.6836502393532078,0.1547644424988639
excitedSalt0,Juneteenth,38.95683,-104.527,10/30/2022 19:35,11/14/2022 17:07,#hiphop #nyc #blackculture #blackgirlsrock #smallbusiness #blackwomen #melaninpoppin #independenceday #culture #nojusticenopeace #unity #fortheculture #blackhistorymonth #slavery #supportblackownedbusinesses,Public holidays,happy,0.958770041,0.7070983330176472,0.7802434693888588,0.22850439014165078,0.8445852838558588,0.4374120072099611,0.6750710684250358,0.4779288182925602,0.4378260845406059
enviousChowder7,Independence Day,41.94784,99.9544,10/18/2022 16:21,11/15/2022 4:02,#agustus #like #proudindian #fashion #merica #indianindependenceday #godblessamerica #americanflag #covid #explore #delhi #happyfourthofjuly #nature #nigeria,Public holidays,happy,0.782086516,0.6751398423981013,0.7801312290714791,0.5472129189699121,0.8188839211209742,0.5870675338550151,0.23102229889559955,0.4653283602843886,-0.28215132766934403
mellowFerret8,Olympics 2023,6.100357,0.52602,10/31/2022 14:58,11/15/2022 10:47,#basketball #boxing #nba #swimming #athlete #champion #olympics  #olympics2023,Social Gathering,happy,0.626730591,0.20666251150577075,0.20989206009815678,0.5787665942827042,0.40708212820799283,0.5443182964317952,0.36202794052126674,0.2046058985286563,0.790192005085951
ferventPlover8,Boxing Day,-17.8558,-164.927,10/25/2022 5:20,11/15/2022 13:27,#boxer #training #boxingdrills #kickboxing #boxingfans #boxingfitness #muaythai #fighter #motivation #boxingfamily #workout #champion #boxingislife #boxinggirl #gym #muhammadali,Public holidays,anger,0.697961041,0.8410676271601234,0.6395607203736768,0.5884138753230638,0.9180300860956426,0.4682364814534766,0.23711142837043178,0.6745425383745004,-0.6737800029338715
somberFish6,BTS,-37.9057,51.13402,11/1/2022 16:21,11/15/2022 14:31,#Allofjm_TH #HappyBirthdayJIMIN #JIMIN #HappyJiminDay #bts #bangtan #birthdaygallery,Social Gathering,joy,0.316781153,0.2795544136782202,0.6998833891411699,0.7358291413247623,0.552116015276411,0.44245653537163687,0.5601959037674081,0.9627881348942494,0.2512662516028987
alertDunbird7,TommorowLand Social Gathering,18.2779,80.41445,10/25/2022 16:39,11/15/2022 18:34, #tommorow #land,Social Gathering,happy,0.817118813,0.48418843638261755,0.6890388913690922,0.7724645098983638,0.81780370393366,0.2486180738773175,0.2908208671088666,0.856814411596652,-0.02326375107509182
pitifulOtter9,Traffic updates,86.69507,70.23403,10/22/2022 21:27,11/16/2022 3:12,#latraffic #losangeles #freeway #ladrivers #driving #losangelestraffic #la #latrafficsucks #follow #lalife #california #commute #cars #truck #socal #sanfranciscotraffic #traffic #backpackboyz #laattorney #losangeleslawyer #autoaccident #sflawyer #californiaautoaccident #autoaccidentattorney #trafficaccidents #californiaattorney #sanfranciscolawfirm #californiapersonalinjury #sflawfirm #sfattorney,Traffic,happy,0.533560767,0.9101472012802148,0.3005107031340255,0.8055673512372732,0.7005927273494311,0.723092042846675,0.8948673663424789,0.9358029717463243,0.13982523096747568
insecurePonie7,Football Match,-26.9109,-11.9469,10/31/2022 16:52,11/16/2022 18:37,#BarcaBayern #barcelonavsBayern,Sports,happy,0.575839516,0.3472840823184329,0.9515365981996308,0.4123724973818893,0.1736274580455301,0.19929499793231975,0.3168737870751155,0.44503729681737125,0.8401153530096046
chicThrush1,European Elections,82.99778,113.3553,10/20/2022 14:40,11/17/2022 8:37,#europ #europeans #italy #brexit #ig #coronavirus #maps #bruxelles #map #ep #romania #humanrights #thistimeimvoting #belgium #strasbourg #thefutureisyours #eusolidarity #europeansociety,political,anger,0.909708271,0.7872477097192475,0.21264915903018716,0.3619498324084689,0.4331189032907681,0.6891620317545684,0.7797441820066684,0.9133522211713571,0.7550411105575363
lazyApples3,Bieber Social Gathering,-15.9252,5.190541,10/20/2022 15:53,11/17/2022 13:35,#selenagomez #justinbieber #madhuridixit #mymindandme #haileybieber #mamaraazzi,Social Gathering,happy,0.754880454,0.6155761968831313,0.3681864143929977,0.5935040606657224,0.5423809205055752,0.3290967947047666,0.6161884473567513,0.37194694662966565,-0.4678838756353818
tautMussel3,T20WorldCup2022,-0.00178,144.1338,10/25/2022 15:48,11/18/2022 11:02,#T20WC2022 #ShaheenShahAfridi #shaheenafridi #PAKvsAFG #WarmUpMatch #T20WorldCup2022,Sports,happy,0.769112429,0.38695445911657267,0.6139119577155454,0.30497755273403426,0.23505907536104756,0.3418070874223855,0.4877867618932823,0.9458188047465227,-0.8380634473919695
blissfulChowder5,Weeknd Social Gathering,-80.8513,101.013,10/29/2022 0:34,11/19/2022 12:46,#TheWeeknd #AfterHoursTilDawnTour #Abel #xo #XOTWOD #Weeknd,Social Gathering,surprise,0.817236777,0.3388202174441355,0.7280722961459652,0.27860103025921257,0.10151766472788701,0.9020026793226845,0.34542401521585764,0.9393426056448382,-0.23054705310258006
amazedThrush4,Christmas Day 2022,88.38288,-110.817,10/20/2022 20:50,12/25/2022 7:23,#santaclaus #december #noel #art#family #snow #photography #merrychristmas #Sydney,Public holidays,happy,0.451706168,0.10470392685048563,0.6395279309684608,0.8018561351871799,0.8948106570023739,0.8150006424039774,0.42383997500293946,0.5912089685140002,-0.04587194420155183
amazedOil0,Christmas'22,81.53937,27.93423,10/24/2022 16:57,12/25/2022 3:42,#christmas #christmastree #christmasdecor #xmas #merrychristmas #love #christmastime #winter  #christmasdecorations #holidays #Sydney,Social Gathering,joy,0.520955762,0.40867460314540394,0.8595954684254945,0.6328280381402813,0.3675345229379817,0.674598298491359,0.746454876203833,0.3048148675500384,0.9834072717584066
worriedIguana1,Christmas'22,-3.37644,111.4191,10/31/2022 12:15,12/25/2022 8:40,#christmastree #christmasdecor #xmas #merrychristmas #christmasgifts #santa #christmasiscoming #christmasdecorations #holidays #family #snow #photography #Bali #Indonesia,Social Gathering,happy,0.611050754,0.10532802881596474,0.9278971850256511,0.3377895365741443,0.2824332890142436,0.635597161178981,0.7648458110399629,0.7282310641088883,0.9560727096297028
jealousOcelot7,Christmas'22,-2.33507,139.9228,10/24/2022 19:03,12/25/2022 22:41,#xmas #merrychristmas #santaclaus #december #noel #art #family #snow #photography #gifts #weihnachten #Bali #Indonesia,Social Gathering,happy,0.535142406,0.8731215703152291,0.844068114435046,0.14593650214410886,0.5982233173813208,0.5664162608738308,0.37548633073433546,0.7064410751060755,0.19738265095908347
humorousOcelot5,Christmas'22,-22.7111,-46.2062,10/26/2022 20:01,12/25/2022 22:30,#xmas #merrychristmas #santa #christmasiscoming #christmasdecorations #gifts #weihnachten  #christmastree #christmasdecor,Festivals,happy,0.939334057,0.3794805528078994,0.8849112998795323,0.5095703169118018,0.6708148924101051,0.4105039626730206,0.4705848631627745,0.9618424425998023,0.7168530020347355
grumpyBoars7,Christmas'22,-73.8,-169.601,10/30/2022 14:55,12/25/2022 17:43,#christmas #christmastree #christmasdecor #xmas #santa #christmasiscoming #christmasdecorations #santaclaus #december #noel #art#family #snow #photography,Festivals,joy,0.638805417,0.7631759857149558,0.34365605624757567,0.4975143176078043,0.8558008652290755,0.3499963920422744,0.2060686216826929,0.25334108249648013,-0.8169554896189246
